text,embedding
"Part 5 MachineryInstallations
Chapter 6 AuxiliariesandPipingArrangement
Section 2 Air Pipes, Overflow Pipes and Sounding Devices
[Pt.5 Ch.6 201]
201. Air pipes
[Pt.5 Ch.6 201. 1]
1. General
(1) Air pipes are to be fitted to all tanks, cofferdams, tunnels and void space of the enclosed structure.
(2) Tanks are to be provided with two or more air pipes as far apart as possible. Where the tanks are less than 7m both in length and in width or having inclined top plates, one air pipe may be fitted at the highest part of the tanks.
(3) Where the tank top is of unusual or irregular profile, special consideration is to be given to the number and position of the air pipes.
(4) Air pipes are to be arranged to be self-draining under normal conditions of trim and to be clearly marked at the upper end.
(5) Air pipes for fuel oil service, settling and lubrication oil tanks are to be such that in the event of a broken air pipe this is not directly to lead to the risk of ingress of seawater splashes or rain water.
[Guidance]
(1) In application to 201. 1 (1) of the Rules, for a normally inaccessible small void compartment such as an echo sounder recess, air pipes may be omitted under the approval of the Society. For such arrangements, a warning notice is to be located in a prominent position specifying the precautions for ventilation to be taken prior opening the manhole and entering the small void compartment.
[Pt.5 Ch.6 201. 2]
2. Termination of air pipe outlets
Air pipe to double bottom tank, deep tanks, cofferdams or tanks which can be run up from the sea are to be led to above the bulkhead deck. The position of open ends of air pipes are to be in accordance with the following requirements depending on the kinds of tanks. (2018) 
(1) Air pipes to fuel oil and cargo oil tanks, cofferdams adjacent to their tanks and all tanks which can be pumped up are to be led to the open area.
(2) The open ends of air pipes to fuel oil and cargo oil tanks are to be situated where no danger will be incurred from issuing oil or vapour when the tank is being filled.
(3) Air pipes from lubricating oil tanks may terminate in the machinery space, provided that the open ends are so situated that issuing oil or gas cannot come into contact with electrical equipment or heated surfaces. However, air pipes from the heated lubricating oil tanks are to be led to the open area.
(4) Air pipes from fresh water tanks may terminate in the machinery space.
[Guidance]
2. Termination of air pipe outlets (2018) 
(1) In application to 201. 2 (1) of the Rules, it may be in accordance with the following;
 (A) Air pipes to cofferdams adjacent to fuel oil and cargo oil tanks having oils exceeding a flash point 60℃ and all tanks which can be pumped up may be led to the enclosed cargo space under the approval of the Society with submission of documents demonstrating SOLAS Reg.II-1/17.3, ventilation system and drainage system etc..
[Pt.5 Ch.6 201. 3]
3. Protection of air pipe outlets
(1) All openings of air pipes extending above weather decks are to be provided with an automatic type closing devices. All automatic type closing devices are to be type approved by the Society.
(2) The open ends of air pipes to fuel oil and cargo oil tanks are to be furnished with the flame-screens which can be readily removed for cleaning or renewal and deemed appropriate by the Society. The clear area through the mesh of the flame-screens is not to be less than the required sectional area of the air pipe.
[Guidance]
3. Protection of air pipe outlets
(1) In application to 201. 3 (2) of the Rules, the wording ""the flame-screens which deemed appropriate by the Society"" is to comply with the following.
 (A) to be made of corrosion resisting material
 (B) to comprise two fitted screens of at least 20×20 mesh spaced 25.4±12.7 apart or single fitted screen of at least 30×30 mesh, or to have a performance equivalent thereto.
[Pt.5 Ch.6 201. 4]
4. Size of air pipes
(1) The aggregated sectional area of air pipes to tanks which can be pumped up is not to be less than 1.25 times the aggregated sectional area of filling pipes. Where the tank is provided with an overflow pipe, the aggregated sectional area of air pipes is to be accordance with the requirements which the Society considers appropriate.
(2) The internal diameters of air pipes to cofferdams or tanks which form part of ship's structure are not to be less than 50
[Guidance]
4. Size of air pipes
In application to 201. 4 (1) of the Rules, the air pipes for the tank is provided with an overflow pipe are to comply with the following.
(1) Where the aggregated sectional area of overflow pipes in the tank, which are not fitted with valves impeding air flow, is greater than 1.25 times the effective area of the filling pipes, the air pipes may be omitted. In this time, the sectional area of air pipes in the overflow tank is not less than the aggregated sectional area of overflow pipes.
(2) For the tanks which are provided with common overflow pipes, the air pipes in each tank may be omitted where the sectional area of overflow pipes from each tank is greater than 1.25 times the effective area of filling pipes from each tank, and the sectional area of common overflow pipes and the sectional area of air pipes of the overflow tank are greater than 1.25 times the aggregated sectional area of the filling pipe of each tank which filled simultaneously. However, the sectional area of common overflow pipes and the sectional area of air pipes of the overflow tank are need not to exceed 1.25 times the sectional area of common filling pipes.
(3) In application to (1) and (2) above, where overflows from the tanks such as fuel oil settling tank, fuel oil service tank, etc. are led to other tank with air pipes, suitable means are to be provided so that the air in the highest portion of these tanks is vented to other tank with air pipes. (refer to Fig 5.6.4 of the Guidance).
[Pt.5 Ch.6 201. 5]
5. Height of air pipes 
Where air pipes extend above the freeboard and superstructure decks, the exposed parts of the pipes are to be of substantial construction; the height from the upper surface of the deck to the point where water may have access below is to be at least as given in the following table: Where these height may interfere with the working of the ship, a lower height may be accepted, provided that the Society is satisfied that the closing arrangement and other circumstances justify the lower height.
 - On the freeboard deck: 760 mm
 - On the superstructure deck: 450 mm
[Guidance]
5. Height of air pipes
(1) In application to 201. 5 of the Rules, the height of air pipes above deck is to be measured as shown in Fig 5.6.5 of the Guidance.
(2) In application to 201.5 of the Rules, height of air pipes are to be as below. (2017)
 (A) 760 mm on the freeboard deck or other exposed decks lower than one standard height of superstructure above the freeboard deck; and
 (B) 450 mm on other exposed decks lower than two standard heights of superstructure above freeboard deck. 
 (C) Exposed decks is included top decks of superstructures, deckhouses, companionways and other similar deck structures.
 (D) Where these height interfere with the working of the ships, such as ships not engaging on international voyages, tug boat, barge, etc., a lower height may be accepted, provided that the automatic closing device approved by the Society is fitted. In such cases, the minimum height may be reduced from 760mm on (A) to 450 and from 450mm on (B) to 300 .
202. Overflow pipes
[Pt.5 Ch.6 202]
202. Overflow pipes
[Pt.5 Ch.6 202. 1]
1. General
(1) Where tanks which can be pumped up come under either one of the following categories, overflow pipes of steel are to be fitted:
 (A) Where the cross-sectional area of the air pipes does not comply with the requirements in 201. 4 (1).
 (B) Where there is any opening below the open ends of air pipes fitted to tanks.
 (C) Fuel oil settling tank and fuel oil service tank.
(2) Overflow pipes are to be arranged to be readily visible and self-draining under normal conditions of trim and to be clearly marked at the upper end.
[Guidance]
1. In application to 202. 1 (1) (B) of the Rules, opening below the open ends of air pipes fitted to tanks means openings having permanent air gap such as a float sounding system. And such openings are to be situated above the highest point of the overflow piping.
[Pt.5 Ch.6 202. 2]
2. Termination of overflow pipes
(1) In case of fuel oil and lubricating oil tanks, the overflow pipe is to be led to an overflow tank of adequate capacity or to a storage tank having a space reserved for overflow purposes.
(2) A sight glass is to be provided in the overflow pipe at a readily visible position or, alternatively, an alarm device is to be provided to give warning either when the tanks are overflowing or when the oil reaches a predetermined level in the tanks.
(3) Overflow pipes from tanks, other than fuel oil, cargo oil and lubricating oil tanks, are to be led to the open air or to suitable tanks where the overflows can be disposed of.
[Guidance]
2. In application to 202. 2 (2) of the Rules, In case that the fuel oil or lubricating oil circulated from the settling tank circulates to the settling tank through the overflow pipe of the service tank, the installation of the sight glass on the overflow pipe or the high level alarm device for the service tank may be omitted.
203. Sounding devices
[Pt.5 Ch.6 202. 3]
3. Size of overflow pipes
The total cross-sectional area of the overflow pipes is not to be less than 1.25 times the effective area of the filling pipes. In any case, the minimum internal diameter for overflow pipes is not to be less than 50mm
[Pt.5 Ch.6 202. 4]
4. Prevention of counter-flow of overflow lines
(1) The overflow system is to be so arranged that water from the sea cannot enter through the overflow main line into tanks located in other watertight compartments in the event of any tank being damaged.
(2) Where overflows from tanks which are used for the alternative carriage of oil, ballast water, general cargo, etc., are connected to an overflow system, arrangements are to be made to prevent the entering of liquid or vapour from other tanks into the tank carrying general cargo, or to prevent the entering of oil different quality or ballast water from other tanks into the tank carrying oil.
(3) Overflow pipes discharging through the ship's sides are to extend above the load line and are to be provided with non-return valves fitted on the ship's sides. 
Where the overflow pipes do not extend above the freeboard deck, the opening at the shell is to be protected against sea water ingress in accordance with the same provisions as that for overboard gravity drain from watertight spaces described in 302. 4. In this connection, the vertical distance of the 'inboard end' from the summer load water line may be taken as the height from the summer load water line to the level that the sea water has to rise to find its way inboard through the overboard pipe.
Where, in accordance with 302. 4, a non-return valve with positive means of closing is required, means is to be provided to prevent unauthorized operation of this valve. This may be a notice posted at the valve operator warning that it may be shut by authorized personnel only.
[Pt.5 Ch.6 203]
203. Sounding devices
[Pt.5 Ch.6 203. 1]
1. General
(1) All tanks, cofferdams and other compartments which are not at all times readily accessible are to be provided with sounding pipes.
(2) In cargo holds, sounding pipes are to be fitted to the bilges on each side and as near the suction pipe rose boxes as practicable.
(3) All sounding pipes are to be clearly marked at the upper end.
(4) In addition to this requirements, the relevant requirements in Pt 8, Ch 2, Sec 1 are to be complied with.
[Guidance]
1. In application to 203. 1 (1) of the Rules, sounding devices may be complied with following.
(1) For a normally inaccessible small void compartment such as an echo sounder recess, sounding pipes may be omitted under the approval of the Society. For such arrangements, means for sampling such as plugs or cocks are to be provided to the manhole and a warning notice is to be located in a prominent position specifying the precautions for checking flooding of the compartment to be taken prior opening the manhole.
(2) Special shaped voids, etc. which installation of sounding pipes or other sounding devices is impracticable as structural reason may be provided with a bilge alarm instead of sounding pipe under the approval of the Society.
[Pt.5 Ch.6 203. 2]
2. Termination of sounding pipes
(1) Sounding pipes are to be led to positions above the bulkhead deck which are at all times readily accessible and are to be provided with effective closing means at the upper end. 
(2) In machinery spaces and shaft tunnels where it is not always practicable to extend the sounding pipes above the bulkhead deck, short sounding pipes extending to readily accessible positions above the platform may be fitted. In this case, the following closing means are to be fitted to the upper end of the pipes according to the kinds of tanks:
 (A) Sounding pipes to fuel oil tank, lubricating oil tank and other flammable oil storage tank are to comply with relevant requirements in Pt 8, Ch 2, Sec 1.
 (B) Sounding pipes to other tanks mentioned in (A) and cofferdams are to be fitted with sluice valves, cocks or screw caps attached to the pipes by chains.
[Guidance]
2. Termination of sounding pipes In application to 203. 2 (2) of the Rules, Sounding pipes to the tanks and cofferdams located in double bottom are to be fitted with self-closing blanking devices. (2019)
[Pt.5 Ch.6 203. 3]
3. Construction of sounding pipes
(1) Sounding pipes are to be arranged as straight as practicable, and if curved, the curvature must be sufficiently easy to permit the ready passage of the sounding rod or chain.
(2) Striking plates of adequate thickness and size are to be fitted under open ended sounding pipes. Where sounding pipes having closed ends are employed, the closing plugs are to be of substantial construction.
(3) The inside diameter of sounding pipes is not to be less than 32mm. But the inside diameter of sounding pipes passing through a refrigerated chamber cooled down 0°C or below is not to be less than 65mm
[Guidance]
3. Construction of sounding pipes In application to 203. 3 of the Rules, construction of sounding pipes is to be complied with the following.
(1) In case where elbow type sounding pipe is unavoidable to use, sufficient support is to be provided for the arm of the pipe. 
(2) The standard thickness value of striking plate is approximately 10mm for ships having length less than 30m and 12mm for ships having length 30m or over. (refer to Fig 5.6.6 of the Guidance)
[Pt.5 Ch.6 203. 4]
4. Sounding devices other than sounding pipes
(1) Level indicating devices of approved type may be used in lieu of sounding pipes for sounding tanks. Where a remote level indicating system is installed in lieu of sounding pipes, an emergency means (i.e. a manholes always accessible and checkable or a secondary means of sounding) is to be provided for checking of level in the event of failure of the system.
(2) These devices are to be tested at the working condition on completion of the installation.
(3) Glass gauges used for tanks carrying fuel oils, lubricating oils and other flammable oils are to comply with the requirements specified in Pt 8, Ch 2, 102. 3 (5) (B) and (C). 
[Pt.5 Ch.6 203. 4]
4. Sounding devices other than sounding pipes
(1) Level indicating devices of approved type may be used in lieu of sounding pipes for sounding tanks. Where a remote level indicating system is installed in lieu of sounding pipes, an emergency means (i.e. a manholes always accessible and checkable or a secondary means of sounding) is to be provided for checking of level in the event of failure of the system.
(2) These devices are to be tested at the working condition on completion of the installation.
(3) Glass gauges used for tanks carrying fuel oils, lubricating oils and other flammable oils are to comply with the requirements specified in Pt 8, Ch 2, 102. 3 (5) (B) and (C). 
","[-0.01763603836297989, 0.003926501143723726, 0.005429969634860754, -0.028950514271855354, -0.01476895809173584, 0.018796855583786964, -0.01489483006298542, -0.012153621762990952, -0.0059194709174335, 0.0026485524140298367, -0.0017814356833696365, 0.012636130675673485, -0.03689442202448845, 0.025607919320464134, -0.019566072151064873, 0.014335399493575096, 0.01709059439599514, 0.03046097606420517, 0.023663898929953575, -0.029677772894501686, -0.009048784151673317, 0.028251226991415024, -0.009720100089907646, -0.008048802614212036, -0.010188623331487179, 0.002926519373431802, 0.027356138452887535, -0.02950994484126568, -0.02043318934738636, 0.008090759627521038, 0.020824790000915527, 0.009831986390054226, -0.024768773466348648, -0.002499953843653202, -0.0024212838616222143, -0.017384294420480728, 0.0020594026427716017, -0.022209379822015762, 0.028698770329356194, -0.020796818658709526, 0.020419202744960785, 0.013741005212068558, -0.015174545347690582, -0.018531126901507378, -0.024531016126275063, 0.018950698897242546, -0.010594209656119347, -0.0026275739073753357, -0.011510277166962624, -0.0012971787946298718, 0.016545148566365242, 0.0015611599665135145, -0.030824605375528336, -0.006164222024381161, -0.005223679821938276, -0.011957821436226368, -0.03409727290272713, 0.006758616305887699, -0.009950865060091019, -0.01206271443516016, -0.021174434572458267, -0.00646141916513443, -0.020992619916796684, 0.008866969496011734, -0.013195560313761234, -0.005797095596790314, -0.006321561522781849, -0.00048294561565853655, -0.02055906131863594, -0.011943835765123367, 0.03809719905257225, 0.03046097606420517, 0.01935628615319729, 0.013545204885303974, 0.025537990033626556, -0.010181630030274391, -0.003982443828135729, -0.014573157764971256, -0.005716677755117416, -0.0010061003267765045, 0.011174619197845459, -0.0190905574709177, 0.0019090556306764483, 0.02702048048377037, 0.012496273033320904, -0.00042525437311269343, 0.00899284053593874, 0.01816749759018421, -0.013817926868796349, 0.0022919157054275274, 0.007887965999543667, 0.03001343086361885, 0.024810731410980225, 0.011992785148322582, 0.007150217425078154, -0.000870613323058933, -0.013167588971555233, 0.016027675941586494, 0.0057691242545843124, -0.04436281695961952, -0.005492905620485544, -0.00412230147048831, -0.008517324924468994, 0.0042761447839438915, 0.0020454167388379574, -0.01281095203012228, 0.019020628184080124, 0.012146628461778164, 0.009503320790827274, -0.02148212119936943, 0.009804015047848225, 0.02546806074678898, 0.012629137374460697, 0.02507646009325981, 0.0334818996489048, -0.0051992046646773815, 0.04148175194859505, 0.0009178151958622038, -0.03317421302199364, -0.008811025880277157, 0.018740912899374962, 0.02148212119936943, 0.003230709582567215, -0.012950809672474861, 0.02609742060303688, -0.0016223476268351078, -0.014475257135927677, -0.0031642771791666746, -0.01639130525290966, -0.016559135168790817, -0.017622051760554314, 0.014090648852288723, 0.02934211492538452, -0.0018286375561729074, 0.0034597262274473906, -0.008720118552446365, -0.019118528813123703, 0.009090741164982319, -0.028726741671562195, -0.039607658982276917, 0.01716052182018757, 0.0012639627093449235, -0.030293146148324013, -0.013761983253061771, 0.010943854227662086, 0.032698698341846466, 0.02689460851252079, 0.006367015186697245, -0.02138422057032585, -0.010475330986082554, -0.015342374332249165, -0.024768773466348648, -0.01813952438533306, -0.020670946687459946, 0.0038111184258013964, 0.011838941834867, -0.0020594026427716017, 0.011817963793873787, 4.0728049498284236e-05, -0.006999870762228966, 0.0028705764561891556, 0.005999889224767685, 0.021188419312238693, 0.01039141695946455, 0.022796781733632088, 0.007349514402449131, 0.0026905096601694822, 0.006132754031568766, -0.020097531378269196, -0.0029702249448746443, 0.01791575364768505, 0.010034780018031597, -0.014062677510082722, 0.027426067739725113, 0.003825104096904397, 0.01871294155716896, 0.0012936823768541217, 0.0073984647169709206, -0.002714984817430377, -0.03272666782140732, 0.0029230229556560516, -0.02240518108010292, -0.012566201388835907, 0.031775638461112976, -0.029481973499059677, -0.00897885486483574, -0.0036782538518309593, 0.03446090221405029, 0.018251411616802216, -0.02562190406024456, -0.003933493979275227, 0.03043300472199917, -0.010097716003656387, -0.003557626623660326, -0.6135830879211426, -0.0404188334941864, -0.01453119982033968, -0.02460094355046749, 0.0022097493056207895, 0.024978559464216232, 0.022111479192972183, 0.0006708792061544955, 0.007300564553588629, 0.0063495333306491375, -0.018125539645552635, 0.02839108370244503, -0.007216650061309338, 0.020153474062681198, 0.013538211584091187, -0.02692257985472679, -0.01855909824371338, -0.010636167600750923, -0.0009370456100441515, -0.005384515970945358, -0.016461234539747238, 0.007992858998477459, 0.003888040082529187, 0.030153289437294006, 0.009139691479504108, -0.00941940676420927, 0.018670983612537384, -0.01976187340915203, -0.008894940838217735, -0.0036048286128789186, -0.014321413822472095, 0.01890874095261097, 0.007622236851602793, 0.0007779576699249446, 0.03647485002875328, -0.012034743092954159, -0.03163577988743782, 0.02731418050825596, 0.01467105746269226, 0.025412118062376976, 0.0002829930162988603, -0.009580242447555065, 0.005237665493041277, -0.015510203316807747, 0.01594376191496849, -0.001956257503479719, 0.04453064501285553, -0.02265692502260208, 0.022335251793265343, -0.023887671530246735, 0.008006845600903034, -0.013524225912988186, 0.016908777877688408, 0.005034871865063906, 0.012104671448469162, 0.0059194709174335, 0.03205535188317299, -0.010922875255346298, 0.014006733894348145, -0.003400286892428994, 0.02170589379966259, 0.027076423168182373, -0.034013357013463974, -0.01811155304312706, -0.01545425970107317, 0.005541855935007334, -0.03504830226302147, -0.031048377975821495, 0.023677883669734, -0.017328351736068726, -0.004398520104587078, 0.008608232252299786, -0.0037586719263345003, -0.012461308389902115, 0.008517324924468994, 0.015971733257174492, 0.00727259274572134, 0.007062806747853756, 0.0074194432236254215, 0.020587032660841942, 0.004513902589678764, 0.009985829703509808, -0.0034387477207928896, -0.00603835005313158, 0.031104320660233498, 0.0005856535281054676, -0.005751641932874918, 0.012664102017879486, 0.003360077738761902, 0.023314254358410835, 0.0045243920758366585, 0.03605527803301811, 0.00843341089785099, -0.02205553650856018, -0.011342448182404041, 0.0207828339189291, -0.0056397560983896255, -0.020712904632091522, 0.002477227011695504, 0.0009291786700487137, -0.013468283228576183, -0.022517066448926926, -0.02437717281281948, -0.02654496394097805, 0.008405439555644989, 0.010957839898765087, -0.0012569697573781013, -0.009580242447555065, 0.02390165627002716, -0.025510018691420555, 0.010363444685935974, -0.004027897492051125, -0.01274801604449749, -0.012601166032254696, -0.005915974732488394, -0.022992582991719246, 0.03876851499080658, 0.016726963222026825, 0.0027936547994613647, -0.016531163826584816, 0.017356323078274727, -0.003909018822014332, 0.012104671448469162, -0.03236303851008415, -0.02909037098288536, 0.03247492387890816, 0.010741060599684715, -0.0026450559962540865, 0.0004213209031149745, 0.02103457599878311, -0.013887855224311352, 0.0101047083735466, 0.011447341181337833, -0.01002778671681881, -0.011496291495859623, 0.01298577431589365, 0.0161395613104105, 0.010601202957332134, 0.015090630389750004, -0.023258311673998833, -0.017719952389597893, -0.0072586070746183395, 0.023593969643115997, -0.006492887157946825, 0.00596842123195529, -0.03323015570640564, -0.029901545494794846, -0.0004152021137997508, -0.009020812809467316, 0.000834337726701051, -0.002664286410436034, -0.0030314126051962376, 0.005255147814750671, -0.00455935625359416, -0.030880548059940338, -0.0020786330569535494, 0.011412376537919044, -0.011034761555492878, -0.00467124255374074, -0.0031153270974755287, 0.0008308413089253008, 0.00510130450129509, -0.03874054178595543, -0.011524262838065624, -0.013643104583024979, 0.006255129352211952, 0.018097568303346634, -0.010188623331487179, 0.01199977844953537, -0.030628804117441177, 0.023635927587747574, 0.004398520104587078, 0.008251596242189407, 0.0039230044931173325, -0.020069560036063194, 0.004538377746939659, -0.0005651119281537831, -0.004076847806572914, 0.0014851124724373221, 0.00020869370200671256, 0.00916766282171011, 0.0010664138244464993, -0.029146315529942513, 0.0002460618852637708, 0.0323350690305233, 0.001819896511733532, 0.03907620161771774, -0.0040418836288154125, -0.04069855064153671, 0.0184611976146698, -0.028810657560825348, -0.002145065227523446, 0.002985958941280842, 0.011594191193580627, -0.01274801604449749, 0.0019475164590403438, 0.02085276134312153, -0.022223366424441338, 0.011083711870014668, 0.016922764480113983, 0.018573082983493805, -0.0027009991463273764, 0.035663675516843796, -0.017496179789304733, 0.022419165819883347, -0.004377541597932577, 0.014559172093868256, -0.03004140406847, 0.0460970513522625, 0.018531126901507378, 0.005346055142581463, -0.031971435993909836, -0.021649949252605438, -0.014132605865597725, 0.0092305988073349, 0.03608325123786926, 0.024656888097524643, -0.0010795255657285452, 0.0007089030114002526, 0.004048876464366913, 0.004814596381038427, -0.004660753067582846, 0.025230303406715393, 0.0029142817948013544, -0.01785981096327305, 0.0059404498897492886, 0.022936640307307243, -0.0075942655093967915, -0.008013837970793247, -0.013887855224311352, -0.014810915105044842, -0.002416039351373911, 0.01559411734342575, 0.019230414181947708, 0.030768662691116333, 0.02272685244679451, 0.021649949252605438, 0.023244326934218407, 0.010069743730127811, 0.009125705808401108, 0.024810731410980225, 0.006223661359399557, 0.014740986749529839, -0.01798568107187748, 0.01559411734342575, 0.0031905004289001226, 0.00727259274572134, 0.01091588195413351, -0.017146537080407143, -0.021691907197237015, 0.03295044228434563, -0.007866987958550453, -0.043020185083150864, 0.0031100823543965816, 0.027551939710974693, 0.016601091250777245, 0.02370585687458515, -0.012300471775233746, -0.0029719730373471975, 0.016223477199673653, 0.01465707179158926, -0.03555179014801979, 0.01594376191496849, -0.005755138583481312, 0.01728639379143715, 0.0031939970795065165, -0.0009449126082472503, -0.023510055616497993, -0.022908667102456093, -0.015076644718647003, 0.007143224589526653, 0.008936897851526737, 0.018419239670038223, 9.271026647184044e-05, 0.0508522093296051, -0.013887855224311352, -0.008901933208107948, 0.008027823641896248, 0.017146537080407143, 0.01374799758195877, -0.006727148313075304, -0.02225133776664734, 0.010538266971707344, 0.03513221815228462, 0.012153621762990952, 0.002718481235206127, -0.0311322920024395, 0.023496069014072418, -0.03130012005567551, 0.015747960656881332, -0.009188641794025898, -0.013146609999239445, -0.0037971327546983957, -0.004272648598998785, -0.0008465753053314984, -0.01040540263056755, 0.00946835707873106, -0.006646730471402407, 0.0007727129850536585, 0.0004337769642006606, -0.011971807107329369, -0.0009213116718456149, -0.005730663426220417, -0.005279622972011566, 0.04114609211683273, 0.003583849873393774, -0.022447137162089348, -0.005790102761238813, -0.012643123045563698, -0.0050453613512218, -0.014188549481332302, 0.013580168597400188, -0.014908815734088421, -0.0021118491422384977, -0.0010227083694189787, 0.007615244016051292, -0.002545407507568598, -0.02778969705104828, 0.02412542887032032, -0.003396790474653244, -0.011370419524610043, -0.011272518895566463, 0.003293645568192005, 0.012055721133947372, 0.050460606813430786, 0.015216502360999584, 0.012573194690048695, 0.010852946899831295, -0.014286449179053307, -0.0259435772895813, -0.018545111641287804, -0.0056607346050441265, 0.00548241613432765, 0.030125318095088005, 0.0010524281533434987, 0.021496105939149857, 0.02467087283730507, 0.0034422441385686398, 0.02230728045105934, -0.01871294155716896, 0.00499641103670001, -0.015398317016661167, 0.007769087329506874, -0.019454186782240868, -0.01559411734342575, -0.011272518895566463, 0.008936897851526737, 0.04956552013754845, 0.002494709100574255, -0.0070663029327988625, 0.010999796912074089, 0.02839108370244503, 0.012041735462844372, -0.00658729113638401, -0.019118528813123703, 0.024586958810687065, 0.018153510987758636, -0.003615317866206169, -0.01395778451114893, -0.006922949105501175, 0.026489021256566048, 0.016307391226291656, -0.007943909615278244, -0.0038600685074925423, -0.00035991467302665114, 0.014202535152435303, 0.022391194477677345, -0.012964795343577862, 0.006206179037690163, -0.021440163254737854, -0.004720192402601242, 0.0037516788579523563, 0.006950920447707176, -0.006115271709859371, 0.023314254358410835, -0.01223753672093153, 0.007727129850536585, -0.0006848649936728179, 0.01683885045349598, -0.02297859638929367, -0.008825011551380157, -0.013209545984864235, -0.0035733606200665236, -0.023635927587747574, -0.021943651139736176, -0.02027934603393078, 0.012713052332401276, 0.002417787443846464, -0.014517214149236679, -0.007475386373698711, -0.012782980687916279, -0.005013893358409405, -0.03314623981714249, 0.01641927659511566, -0.0018496161792427301, -0.03074069134891033, -0.031048377975821495, -0.0019125520484521985, 0.026139376685023308, -0.004199223127216101, 0.0064229583367705345, 0.013601147569715977, -0.008335510268807411, 0.002491212682798505, -0.015216502360999584, -0.014629100449383259, -0.008873961865901947, -0.01861504092812538, -0.016531163826584816, 0.024558987468481064, -0.017999667674303055, -0.010300508700311184, -0.00320623442530632, 0.013356396928429604, 0.03502033278346062, -0.006276107858866453, 0.01013967301696539, -0.016447247937321663, 0.020475147292017937, 0.010866932570934296, 0.025160374119877815, 0.0014029460726305842, 0.006297086365520954, -0.029006456956267357, -0.021524077281355858, -0.02177582122385502, -0.0031677735969424248, -0.01285990234464407, 0.01718849316239357, 0.01101378258317709, -0.012880881316959858, 0.02644706331193447, -0.010419388301670551, 0.0032551847398281097, -0.0065313479863107204, -0.01031449530273676, -0.01571998931467533, -0.001978984335437417, -0.037286024540662766, 0.013447304256260395, 0.0335378423333168, 0.02180379256606102, -0.011810970492661, 0.013013745658099651, 0.00930752046406269, -0.019454186782240868, 0.03367770090699196, -0.0037167146801948547, -0.049957118928432465, 0.04757954180240631, -0.0041852374561131, -0.019076570868492126, -0.027887597680091858, -0.0036258071195334196, 0.005195708479732275, 0.0009326750878244638, 0.0018059107242152095, -0.014139599166810513, -0.021663935855031013, -0.021216390654444695, -0.0009256821940653026, 0.0016730460338294506, -0.027537953108549118, 0.015062659047544003, -0.008650190196931362, 0.019174471497535706, 0.006367015186697245, 0.007950901985168457, 0.01626543328166008, -0.02619532123208046, 0.0009012071532197297, 0.011664120480418205, -0.00609429320320487, 0.013118638657033443, 0.0013767228228971362, 0.012475294061005116, -0.02447507344186306, 0.006419461686164141, -0.02654496394097805, -0.0009868699125945568, -0.018195468932390213, -0.02976168878376484, 0.016629064455628395, 0.013754990883171558, 0.019398244097828865, -0.0013102905359119177, 0.002992951776832342, 0.013440310955047607, -0.014076663181185722, 0.0022656924556940794, -0.014978744089603424, -0.005304097663611174, -0.03157983720302582, 0.022391194477677345, 0.00652435515075922, 0.0014711266849189997, -0.01636333391070366, -0.007468393538147211, -0.0006826797034591436, 0.04086637869477272, 0.0008352118311449885, 0.011510277166962624, -0.015202516689896584, -0.02527226135134697, -0.006786588113754988, -0.027831653133034706, 0.01928635686635971, 0.0007346892380155623, -0.017048636451363564, -0.011629155836999416, 0.025412118062376976, -0.00929353479295969, -0.004422995261847973, -0.003881047246977687, 0.018768884241580963, -0.041901323944330215, 0.029174286872148514, 0.0023985570296645164, 0.02804144099354744, 0.006374008022248745, -0.013013745658099651, -0.031943466514348984, -0.032866526395082474, -0.005877513904124498, -0.025006530806422234, -0.01015365868806839, -0.0047166962176561356, -0.008531310595571995, -0.005398501642048359, 0.003926501143723726, -0.00363279995508492, -0.011440347880125046, 0.02524429000914097, -0.017328351736068726, -0.03213926777243614, -0.03633499518036842, -0.013985755853354931, -0.021663935855031013, 0.022768810391426086, 0.016181519255042076, 0.02564987540245056, 0.019104542210698128, -0.02043318934738636, 0.013978762552142143, 0.00474117137491703, -0.01836329698562622, 0.03350986912846565, 0.02709040977060795, 0.030572861433029175, 0.011559227481484413, 0.004356563091278076, -0.024237314239144325, -0.002361844526603818, 0.01584586128592491, -0.0017622052691876888, 0.020824790000915527, 0.0020209418144077063, -0.0053075943142175674, 0.0008478864328935742, 0.008901933208107948, 0.03434901684522629, 0.022684896364808083, -0.021398207172751427, 0.04288032650947571, 0.007636222522705793, -0.026880621910095215, -0.017594080418348312, -0.01858706958591938, -0.014838886447250843, 0.0023443622048944235, -0.013887855224311352, -0.004978929180651903, -0.009377448819577694, 0.025579947978258133, -0.014090648852288723, 0.04002723470330238, 0.002414291026070714, 0.030349090695381165, 0.021090520545840263, -0.0032674220856279135, -0.007153714075684547, -0.026950551196932793, -0.03395741432905197, 0.001358366571366787, 0.00684253079816699, 0.031495921313762665, -0.0012141384650021791, 0.012629137374460697, 0.03339798375964165, 0.008510332554578781, 0.0006236772751435637, -0.02090870402753353, -0.00806978065520525, 0.02282475307583809, 0.0011048746528103948, -0.007971880957484245, 0.020866747945547104, -0.004856553860008717, 0.014363370835781097, -0.01004177238792181, 0.0016048654215410352, -0.012559209018945694, 0.003888040082529187, -0.011048747226595879, 0.00044929239084012806, 0.03832096979022026, -0.016573119908571243, -0.02502051740884781, -0.004727185238152742, -0.034516844898462296, 0.001560285920277238, 0.0013268985785543919, 0.008727111853659153, -0.015412302687764168, -0.03527207672595978, 0.001750841736793518, -0.015286430716514587, 0.019328314810991287, -0.0037307003512978554, -0.01360813993960619, -0.007706151343882084, 0.027649838477373123, -0.01935628615319729, 0.005332069471478462, -0.01581788994371891, 0.01223753672093153, -0.0040838406421244144, 0.028125355020165443, -0.014216520823538303, -0.0025926094967871904, -0.006513865664601326, -0.010929868556559086, -0.003807622008025646, -0.03275464102625847, 0.00498941820114851, 0.02304852567613125, -0.020545074716210365, 0.009363463148474693, 0.00814670231193304, 0.009496328420937061, 0.0010620433604344726, -0.03418118879199028, 0.011971807107329369, 0.02739809639751911, -0.007027842104434967, -0.0032918972428888083, 0.018377283588051796, -0.006408972665667534, 0.006489390507340431, 0.018601054325699806, -0.013188567943871021, -0.0016503192018717527, -0.019230414181947708, -0.04332787171006203, 0.019803829491138458, -0.009629192762076855, -0.02374781295657158, -0.026503007858991623, -0.02323034033179283, -0.002498205518350005, -0.01883881352841854, 0.012727038003504276, -0.007136231753975153, 0.005996392574161291, 0.018656998872756958, -0.011006790213286877, 0.0025611415039747953, -0.008216631598770618, 0.01026554498821497, 0.006919452454894781, 0.008783054538071156, 0.029733717441558838, -0.028670798987150192, -0.019104542210698128, -0.030069375410676003, 0.04934174567461014, 0.02632119320333004, -0.00941940676420927, -0.008083767257630825, 0.01988774538040161, -0.04022303223609924, -0.015803903341293335, -0.023412154987454414, 0.02387368492782116, 0.010517287999391556, 0.013761983253061771, -0.004583831410855055, 0.024013543501496315, -0.006790084298700094, 0.015286430716514587, -0.009377448819577694, -0.03513221815228462, 0.0022097493056207895, 0.016321377828717232, -0.000909948255866766, -0.026684822514653206, -0.03532801941037178, 0.0011389650171622634, 0.015510203316807747, 0.004800610709935427, 0.015356360003352165, 0.013244510628283024, -0.005835556425154209, -0.01023058034479618, 0.005139765329658985, -0.024866674095392227, 0.005566330626606941, -0.01225152239203453, -0.0032429471611976624, -0.03046097606420517, -0.00997883640229702, 0.013069688342511654, 0.0062621221877634525, -0.008090759627521038, 0.005069836508482695, 0.019873758777976036, 0.02033528871834278, -0.005797095596790314, -0.006793580949306488, -0.008671168237924576, 0.03283855319023132, -0.008908926509320736, 0.0426565557718277, 0.015132587403059006, -0.01766400970518589, -0.014824900776147842, 0.01741226576268673, -0.001778813311830163, -0.012775988318026066, 0.025859663262963295, -0.04176146537065506, 0.005422976799309254, 0.016601091250777245, -0.006790084298700094, 0.006912459619343281, -0.0026555454824119806, 0.006901970598846674, 0.001141587272286415, 0.0011817963095381856, 0.003978947643190622, -0.006059328559786081, -0.012957802973687649, 0.005559337791055441, -0.003127564676105976, -0.018670983612537384, 0.017370307818055153, -0.015538174659013748, -0.013251503929495811, -0.029705744236707687, -0.013209545984864235, -0.008699140511453152, -0.016922764480113983, 0.004300619941204786, -0.012531236745417118, -0.026153363287448883, -0.010552252642810345, -0.007741115987300873, 0.009873943403363228, -0.030544890090823174, -0.008804033510386944, 0.19703133404254913, -0.009496328420937061, -0.003173018340021372, 0.029733717441558838, -0.0092445844784379, -0.02953791618347168, 0.0019702434074133635, 0.013643104583024979, -0.0010489317355677485, 0.0392160601913929, -0.013300453312695026, 0.0018601055489853024, -0.011622163467109203, 0.016055647283792496, 0.004786625038832426, -0.014740986749529839, -0.022195395082235336, -0.034516844898462296, -0.011629155836999416, 0.05935554578900337, 0.013454296626150608, -0.0036572751123458147, -0.013349403627216816, -0.006622255314141512, 0.035663675516843796, 0.024181371554732323, 0.003853075671941042, 0.03392944484949112, 0.02562190406024456, 0.014167570509016514, -0.015216502360999584, -0.00899284053593874, 0.016321377828717232, -0.024489058181643486, -0.001590005587786436, -0.0054474519565701485, 0.0219016931951046, -0.01808358170092106, 0.01389484852552414, 0.023216353729367256, 0.021691907197237015, -0.007188678253442049, 0.002167792059481144, -0.026279235258698463, -0.010020794346928596, -0.010209601372480392, -0.012020757421851158, -0.009859957732260227, -0.01559411734342575, -0.011384405195713043, -0.03046097606420517, 0.00033959164284169674, 0.014300434850156307, 0.013321432285010815, -0.0074194432236254215, -0.01303472463041544, -0.002113597234711051, 0.0024754786863923073, 0.004804106894880533, 0.032223179936409, -0.019118528813123703, 0.03641890734434128, -0.007195671088993549, 0.010713089257478714, -0.015370345674455166, 0.03488047420978546, -0.03157983720302582, -0.018447211012244225, -0.019845787435770035, -0.017230451107025146, -0.0032814079895615578, -0.005356544628739357, -0.023132439702749252, 0.012601166032254696, -0.032670725136995316, -0.03048894740641117, -0.006248136516660452, 0.012559209018945694, 0.03837691247463226, 0.00996485073119402, -0.0062621221877634525, -0.023985570296645164, -0.019426215440034866, 0.005080325994640589, 0.006429951172322035, -0.0012674591271206737, 0.013412339612841606, 0.006741134449839592, 0.008090759627521038, -0.04013912007212639, -0.013090667314827442, -0.013678069226443768, -0.010524281300604343, 0.0077551016584038734, 0.011489298194646835, -0.023468097671866417, 0.014335399493575096, 0.0034911942202597857, -0.0009842475410550833, 0.027887597680091858, -0.027649838477373123, 0.05216686800122261, 0.040726520121097565, -0.010587217286229134, -0.022223366424441338, -0.014978744089603424, -0.01218858640640974, 0.03597136214375496, -0.01639130525290966, -0.006622255314141512, -0.02502051740884781, -0.0346287302672863, 0.00820963829755783, -0.012104671448469162, 0.03166374936699867, 0.020503118634223938, 0.013929813168942928, -0.004286634270101786, -0.004195726942270994, 0.01591579057276249, -0.002290167612954974, 0.0009693877073004842, 0.01641927659511566, -0.007985866628587246, -0.003587346291169524, -0.04777534306049347, -0.04274046793580055, 0.02647503651678562, 0.010748052969574928, -0.01928635686635971, 0.0311602633446455, 0.005213190335780382, 0.008636204525828362, -0.025062473490834236, 0.00727259274572134, 0.011796984821557999, 0.0032167239114642143, -0.034013357013463974, 0.004055869299918413, -0.013489261269569397, 0.024405144155025482, -0.01699269376695156, 0.007286578882485628, 0.02953791618347168, 0.04251669719815254, -0.03482453152537346, 0.037286024540662766, -0.013363389298319817, -0.007069799583405256, -0.019314328208565712, 0.004971936345100403, -0.0023233836982399225, 0.01606963388621807, -0.02068493328988552, -0.009762057103216648, -0.03709022328257561, 0.0014134354423731565, -0.029258200898766518, 0.00689847394824028, 0.0225030817091465, -0.045062106102705, -0.0025978542398661375, 0.016810879111289978, -0.013992748223245144, -0.0041153086349368095, -0.004800610709935427, -0.17834635078907013, 0.006513865664601326, 0.02357998490333557, 0.007901951670646667, 0.025454076007008553, 0.033370014280080795, -0.005136268679052591, 0.03191549330949783, -0.020153474062681198, -0.009797021746635437, 0.03745385259389877, 0.0018129035597667098, 0.005185218993574381, -0.014992729760706425, -0.01090189628303051, -0.006227157544344664, -0.01903461292386055, 0.009873943403363228, 0.021468134596943855, 0.0006796203088015318, 0.010174637660384178, -0.017775895074009895, -0.002087373984977603, -0.014936787076294422, -0.017929738387465477, -0.01198579277843237, -0.02123037725687027, 0.02632119320333004, -0.02185973711311817, 0.006290093529969454, -0.0023740821052342653, -0.0010410647373646498, 0.03709022328257561, 0.010069743730127811, -0.002498205518350005, 0.0012560957111418247, -0.009447378106415272, -0.026936566457152367, -0.020992619916796684, 0.030656777322292328, 0.006814559455960989, 0.010797003284096718, 0.008160688914358616, -0.022419165819883347, 0.0013443807838484645, 0.013852891512215137, 0.013461289927363396, -0.03725805506110191, 0.026139376685023308, -0.019440200179815292, 0.007943909615278244, -0.02332824096083641, -0.023663898929953575, 0.024517029523849487, -0.02100660465657711, -0.0047376747243106365, -0.030097346752882004, 0.008664175868034363, 0.012992766685783863, -0.0008701762417331338, -0.009258570149540901, -0.007461400702595711, 0.0012246277183294296, 0.005695699248462915, -0.01948215812444687, -0.002447507344186306, -0.018153510987758636, 0.013817926868796349, -0.03524410352110863, -0.005936953239142895, -0.005209694150835276, -0.018125539645552635, -0.003905522171407938, -0.021524077281355858, 0.0023426141124218702, 0.0029754694551229477, -0.004884525202214718, 0.0009781287517398596, 0.00015067466301843524, -0.005311090964823961, -0.012943817302584648, 0.05569127947092056, -0.013901840895414352, -0.013223531655967236, -0.017845824360847473, 0.01648920588195324, -0.018223440274596214, 0.005129275843501091, -0.00832152459770441, 0.012181593105196953, 0.030768662691116333, 0.002115345560014248, -0.010083730332553387, -0.03432104364037514, -0.011440347880125046, 0.008426417596638203, 0.010629174299538136, -0.012440329417586327, -0.012601166032254696, 0.008090759627521038, 0.02173386514186859, -0.017719952389597893, -0.00022661294497083873, 0.0004484182863961905, -0.01131447684019804, 0.012978781014680862, 0.00283211562782526, 0.025356175377964973, 0.05104800686240196, -0.00846837554126978, -0.002195763634517789, -0.016978707164525986, 0.022363223135471344, -0.004929978866130114, 0.020419202744960785, 0.01906258426606655, -0.011160633526742458, 0.00034221395617350936, 0.028153326362371445, 0.010880918242037296, -0.0028880585450679064, -0.00701036024838686, 0.0051992046646773815, 0.040726520121097565, -0.016726963222026825, -0.02005557343363762, -0.12262710928916931, -0.015510203316807747, 0.03602730855345726, 0.03874054178595543, -0.007174692582339048, 0.003498187055811286, 0.015608103014528751, 0.008734104223549366, -0.019594043493270874, 0.016307391226291656, -0.011796984821557999, -0.035635706037282944, -0.01558013167232275, -0.002930015791207552, 0.035467877984046936, -0.00455935625359416, -0.010440366342663765, -0.010873924940824509, -0.00997883640229702, 0.0072935717180371284, -0.00319924158975482, 0.010671131312847137, 0.017104579135775566, 2.5035049475263804e-05, -0.019118528813123703, -0.010594209656119347, -0.040502749383449554, 0.020237388089299202, 0.030656777322292328, 0.008041809312999249, 0.024209342896938324, -0.011356433853507042, -0.02644706331193447, 0.00727259274572134, -0.01826539635658264, -0.030628804117441177, 0.011908871121704578, -0.01918845623731613, 0.047663453966379166, 0.009412413462996483, -0.008957876823842525, 0.024866674095392227, 0.019328314810991287, -0.010307502001523972, 0.021398207172751427, -0.010720081627368927, -0.015538174659013748, 0.04425093159079552, -0.020642975345253944, -0.014230506494641304, -0.02801346778869629, -0.04564950615167618, -0.031943466514348984, 0.004531384911388159, 0.013384368270635605, -0.024139413610100746, 0.019566072151064873, 0.015440274029970169, -0.00905577652156353, -0.006381000857800245, -0.0006778720999136567, 0.02008354477584362, -0.025328204035758972, 0.014132605865597725, 0.013838904909789562, -0.005713181104511023, 0.005513884127140045, 0.0065628159791231155, 0.030824605375528336, 0.015957746654748917, -0.03155186399817467, 0.022642938420176506, -0.013440310955047607, 0.008020831272006035, -0.02956588752567768, -0.008964869193732738, 0.008538303896784782, 0.006999870762228966, -0.024656888097524643, -0.010734067298471928, 0.006597780156880617, -0.021649949252605438, 0.031020406633615494, -0.01195082813501358, 0.010300508700311184, 0.01279696635901928, 0.0021048563066869974, -0.016083618625998497, 0.018880769610404968, -0.042097125202417374, -0.0109788179397583, 0.010608195327222347, 0.025510018691420555, -0.004968439694494009, -0.012363407760858536, 0.04472644627094269, 0.01187390647828579, -0.006192193366587162, -0.015482231974601746, 0.0015742715913802385, -0.03440495952963829, -0.019649986177682877, -0.05661433935165405, 0.019789844751358032, 0.026181334629654884, 0.013419332914054394, -0.024209342896938324, -0.02647503651678562, 0.007678180001676083, 0.007174692582339048, 0.004468448925763369, 0.012202572077512741, -0.028321154415607452, 0.03185955062508583, -0.015384331345558167, -0.014685043133795261, -0.015650060027837753, -0.009783036075532436, 0.011097697541117668, 0.0003378434048499912, -0.016055647283792496, -0.017426252365112305, -0.006608269643038511, 0.02851695567369461, 0.015286430716514587, 0.009489335119724274, -0.020265359431505203, 0.01304871030151844, -0.004926482681185007, 0.02125834859907627, -0.024978559464216232, 0.01706262119114399, 0.03155186399817467, -0.002902044216170907, -0.0011363426456227899, -0.006548830308020115, -0.02339817024767399, -0.008692147210240364, 8.036346116568893e-05, -0.002877569291740656, 0.005496401805430651, -0.01992970146238804, 0.006290093529969454, -0.023006567731499672, 0.005922967568039894, -0.007055813912302256, 0.004506909754127264, 0.010594209656119347, 0.013992748223245144, 0.012587180361151695, 0.007811044342815876, 0.0015436777612194419, 0.029146315529942513, 0.02530023269355297, -0.008440403267741203, -0.02409745752811432, -0.02664286457002163, 0.00013810933160129935, -0.0035768570378422737, 0.011559227481484413, -0.00017023287364281714, -0.03135606274008751, 0.05739754065871239, 0.005143261514604092, 0.01545425970107317, -0.01478294376283884, -0.001223753672093153, 0.014195541851222515, -0.02507646009325981, -0.014013727195560932, 0.026726778596639633, -0.024866674095392227, -0.016922764480113983, 0.004087337292730808, 0.007936916314065456, 0.03804125636816025, -0.0004951831651851535, -0.017398281022906303, -0.022237351164221764, 0.021538063883781433, -0.006181703880429268, 0.02507646009325981, 0.023006567731499672, 0.011510277166962624, -0.007873980328440666, 0.0014693784760311246, 0.05697796866297722, -0.01686682179570198, -0.03599933534860611, 0.022545037791132927, -0.027384109795093536, 0.01032848097383976, -0.01664304919540882, 0.03622310608625412, -0.008936897851526737, -0.013412339612841606, 0.013943798840045929, 0.020237388089299202, 0.009657164104282856, -0.0025611415039747953, 0.024237314239144325, 0.022223366424441338, -0.0161395613104105, 0.00935647077858448, -0.017845824360847473, -0.02909037098288536, 0.009678143076598644, 0.015356360003352165, -0.024041514843702316, -0.04472644627094269, 0.001479867729358375, 0.007699158508330584, -0.005957931745797396, -0.008727111853659153, 0.04204118251800537, 0.025607919320464134, -0.004713199567049742, 0.033342041075229645, -0.01309766061604023, -0.03675456717610359, -0.022670909762382507, 0.008104745298624039, -0.009908908046782017, -0.01616753451526165, 0.008202645927667618, 0.02085276134312153, 0.007080288603901863, 0.015552160330116749, 0.01913251355290413, -0.018643012270331383, -0.008489353582262993, -0.0242513008415699, -0.012894866988062859, 0.00045715938904322684, -0.0015497965505346656, -0.014517214149236679, -0.006779595278203487, -0.0033303580712527037, 0.0460970513522625, 0.008027823641896248, 0.006251632701605558, 0.06489390879869461, 0.026153363287448883, -0.01953810080885887, 0.005562834441661835, -0.0013539959909394383, 0.036139193922281265, -0.020167460665106773, 0.007216650061309338, -0.002818129723891616, -0.037705596536397934, 0.0037656647618860006, -0.025328204035758972, 0.002230728045105934, -0.006618759129196405, -0.016433263197541237, 0.00701735308393836, -0.0030751179438084364, -0.004230691120028496, -0.007797058671712875, 0.004835574887692928, 0.012929831631481647, -0.036362964659929276, 0.008699140511453152, 0.011727056466042995, -0.04226495325565338, -0.015006715431809425, 0.02479674480855465, 0.002120590303093195, -0.009538285434246063, -0.02651699259877205, -0.003204486332833767, 0.01626543328166008, -0.04738374054431915, -0.025440089404582977, 0.0008072403143160045, -0.0101047083735466, -0.01744023710489273, -0.002003459492698312, 0.00640547601506114, 0.012419351376593113, 0.013775969855487347, 0.022069523110985756, -0.02644706331193447, -0.01378296222537756, -0.013167588971555233, 0.03574759140610695, -0.010692110285162926, -0.007136231753975153, -0.0184332262724638]"
